"coach_id","coach_name","years_coaching","retired"
"1","Rick Adelman","23","TRUE"
"2","Richie Adubato","6","TRUE"
"3","Danny Ainge","4","TRUE"
"4","Stan Albeck","7","TRUE"
"5","Curly Armstrong","1","TRUE"
"6","Kenny Atkinson","4","FALSE"
"7","Al Attles","14","TRUE"
"8","Red Auerbach","20","TRUE"
"9","Randy Ayers","1","TRUE"
"10","Johnny Bach","4","TRUE"
"11","Ed Badger","2","TRUE"
"12","Tony Barone","1","TRUE"
"13","Tom Barrise","1","TRUE"
"14","Bob Bass","3","TRUE"
"15","Elgin Baylor","4","TRUE"
"16","Butch Beard","2","TRUE"
"17","Clair Bee","2","TRUE"
"18","John Beilein","1","FALSE"
"19","Carl Bennett","1","TRUE"
"20","Bill Berry","1","TRUE"
"21","Bill Bertka","2","TRUE"
"22","Al Bianchi","2","TRUE"
"23","Bernie Bickerstaff","14","TRUE"
"24","J.B. Bickerstaff","4","FALSE"
"25","Paul Birch","4","TRUE"
"26","Larry Bird","3","TRUE"
"27","Bill Blair","3","TRUE"
"28","David Blatt","2","TRUE"
"29","James Borrego","3","FALSE"
"30","Vince Boryla","3","TRUE"
"31","Jeff Bower","1","TRUE"
"32","Jim Boylan","2","TRUE"
"33","Jim Boylen","2","FALSE"
"34","Carl Braun","2","TRUE"
"35","Allan Bristow","5","TRUE"
"36","Scott Brooks","11","FALSE"
"37","Jim Brovelli","1","TRUE"
"38","Brett Brown","7","FALSE"
"39","Herb Brown","3","TRUE"
"40","Hubie Brown","13","TRUE"
"41","Larry Brown","26","TRUE"
"42","Mike Brown","8","TRUE"
"43","Tony Brown","1","TRUE"
"44","Philip Brownstein","2","TRUE"
"45","Quinn Buckner","1","TRUE"
"46","Bucky Buckwalter","1","TRUE"
"47","Mike Budenholzer","7","FALSE"
"48","Walt Budko","1","TRUE"
"49","Donnie Butcher","3","TRUE"
"50","Jeff Bzdelik","3","TRUE"
"51","John Calipari","3","TRUE"
"52","Mack Calvin","1","TRUE"
"53","Kaleb Canales","1","TRUE"
"54","P.J. Carlesimo","9","TRUE"
"55","Rick Carlisle","18","FALSE"
"56","M.L. Carr","2","TRUE"
"57","John Carroll","1","TRUE"
"58","Butch Carter","3","TRUE"
"59","Fred Carter","2","TRUE"
"60","Bill Cartwright","3","TRUE"
"61","Don Casey","4","TRUE"
"62","Dwane Casey","11","FALSE"
"63","John Castellani","1","TRUE"
"64","Al Cervi","9","TRUE"
"65","Don Chaney","12","TRUE"
"66","Maurice Cheeks","9","TRUE"
"67","Jim Cleamons","2","TRUE"
"68","Roy Clifford","1","TRUE"
"69","Steve Clifford","7","FALSE"
"70","Neil Cohalan","1","TRUE"
"71","Jerry Colangelo","2","TRUE"
"72","Doug Collins","11","TRUE"
"73","Michael Cooper","1","TRUE"
"74","Tyrone Corbin","5","TRUE"
"75","Larry Costello","10","TRUE"
"76","Bob Cousy","5","TRUE"
"77","Dave Cowens","6","TRUE"
"78","Billy Cunningham","8","TRUE"
"79","Michael Curry","1","TRUE"
"80","Glenn Curtis","1","TRUE"
"81","Mike D'Antoni","16","FALSE"
"82","Chuck Daly","14","TRUE"
"83","Mel Daniels","1","TRUE"
"84","Jimmy Darden","1","TRUE"
"85","Johnny Davis","4","TRUE"
"86","Dave DeBusschere","3","TRUE"
"87","Dutch Dehnert","1","TRUE"
"88","Vinny Del Negro","5","TRUE"
"89","Don Delaney","2","TRUE"
"90","Tony DiLeo","1","TRUE"
"91","Terry Dischinger","1","TRUE"
"92","Billy Donovan","5","FALSE"
"93","Eddie Donovan","4","TRUE"
"94","Larry Drew","5","TRUE"
"95","Ike Duffey","1","TRUE"
"96","Mike Dunlap","1","TRUE"
"97","Mike Dunleavy","17","TRUE"
"98","Charles Eckman","4","TRUE"
"99","Johnny Egan","4","TRUE"
"100","Mike Evans","1","TRUE"
"101","Mike Farmer","1","TRUE"
"102","Bob Feerick","2","TRUE"
"103","Derek Fisher","2","TRUE"
"104","Bill Fitch","25","TRUE"
"105","Dick Fitzgerald","1","TRUE"
"106","Cotton Fitzsimmons","21","TRUE"
"107","David Fizdale","4","FALSE"
"108","Tim Floyd","5","TRUE"
"109","Chris Ford","10","TRUE"
"110","Lawrence Frank","9","TRUE"
"111","Mike Fratello","17","TRUE"
"112","Burl Friddle","1","TRUE"
"113","Harry Gallatin","4","TRUE"
"114","Alvin Gentry","17","FALSE"
"115","Edward Gottlieb","9","TRUE"
"116","Ed Gregory","1","TRUE"
"117","Richie Guerin","8","TRUE"
"118","Matt Guokas","7","TRUE"
"119","Bruce Hale","1","TRUE"
"120","Frank Hamblen","2","TRUE"
"121","Leonard Hamilton","1","TRUE"
"122","Alex Hannum","12","TRUE"
"123","Bill Hanzlik","1","TRUE"
"124","Del Harris","14","TRUE"
"125","Les Harrison","7","TRUE"
"126","Dick Harter","2","TRUE"
"127","Lew Hayman","1","TRUE"
"128","Gar Heard","2","TRUE"
"129","Tom Heinsohn","9","TRUE"
"130","Nat Hickey","1","TRUE"
"131","Bob Hill","9","TRUE"
"132","Brian Hill","9","TRUE"
"133","Fred Hoiberg","4","TRUE"
"134","Lionel Hollins","9","TRUE"
"135","Red Holzman","18","TRUE"
"136","Bob Hopkins","1","TRUE"
"137","Jeff Hornacek","5","TRUE"
"138","Kim Hughes","1","TRUE"
"139","Rex Hughes","2","TRUE"
"140","Melvin Hunt","1","TRUE"
"141","Lindsey Hunter","1","TRUE"
"142","Marc Iavaroni","2","TRUE"
"143","Stu Inman","1","TRUE"
"144","George Irvine","5","TRUE"
"145","Dan Issel","6","TRUE"
"146","Mark Jackson","3","TRUE"
"147","Phil Jackson","20","TRUE"
"148","Stu Jackson","3","TRUE"
"149","Buddy Jeannette","6","TRUE"
"150","Taylor Jenkins","1","FALSE"
"151","Chris Jent","1","TRUE"
"152","Dave Joerger","6","TRUE"
"153","Avery Johnson","7","TRUE"
"154","Dennis Johnson","1","TRUE"
"155","Frank Johnson","3","TRUE"
"156","Magic Johnson","1","TRUE"
"157","Phil Johnson","9","TRUE"
"158","Neil Johnston","2","TRUE"
"159","K.C. Jones","10","TRUE"
"160","Wally Jones","1","TRUE"
"161","Eddie Jordan","9","TRUE"
"162","Ed Jucker","2","TRUE"
"163","Alvin Julian","2","TRUE"
"164","George Karl","27","TRUE"
"165","Bob Kauffman","1","TRUE"
"166","Red Kerr","4","TRUE"
"167","Steve Kerr","6","FALSE"
"168","Jason Kidd","5","TRUE"
"169","Bob Kloppenburg","2","TRUE"
"170","Igor Kokoskov","1","TRUE"
"171","Lon Kruger","3","TRUE"
"172","Larry Krystkowiak","2","TRUE"
"173","John Kuester","2","TRUE"
"174","John Kundla","11","TRUE"
"175","Bob Lanier","1","TRUE"
"176","Joe Lapchick","9","TRUE"
"177","Frank Layden","8","TRUE"
"178","George Lee","2","TRUE"
"179","Slick Leonard","6","TRUE"
"180","Andrew Levane","5","TRUE"
"181","Grady Lewis","2","TRUE"
"182","Gene Littles","4","TRUE"
"183","Earl Lloyd","2","TRUE"
"184","Tates Locke","1","TRUE"
"185","Ken Loeffler","3","TRUE"
"186","John Logan","1","TRUE"
"187","Kevin Loughery","17","TRUE"
"188","Sidney Lowe","5","TRUE"
"189","John Loyer","1","TRUE"
"190","John Lucas","6","TRUE"
"191","Tyronn Lue","4","TRUE"
"192","Jim Lynam","10","TRUE"
"193","Ed Macauley","2","TRUE"
"194","Bob MacKinnon","3","TRUE"
"195","John MacLeod","18","TRUE"
"196","Brendan Malone","2","TRUE"
"197","Mike Malone","7","FALSE"
"198","Tom Marshall","2","TRUE"
"199","Slater Martin","1","TRUE"
"200","Johnny McCarthy","1","TRUE"
"201","Jack McCloskey","2","TRUE"
"202","Dick McGuire","7","TRUE"
"203","Frank McGuire","1","TRUE"
"204","Kevin McHale","7","TRUE"
"205","Morris McHone","1","TRUE"
"206","Bones McKinney","1","TRUE"
"207","Jack McKinney","6","TRUE"
"208","Jack McMahon","8","TRUE"
"209","Dave McMillan","1","TRUE"
"210","Nate McMillan","16","FALSE"
"211","Murray Mendenhall","2","TRUE"
"212","George Mikan","1","TRUE"
"213","Mike Miller","1","FALSE"
"214","Sam Mitchell","6","TRUE"
"215","Doug Moe","15","TRUE"
"216","Mike Montgomery","2","TRUE"
"217","Doxie Moore","2","TRUE"
"218","Robert Morris","1","TRUE"
"219","Dick Motta","25","TRUE"
"220","Joe Mullaney","3","TRUE"
"221","Bill Musselman","4","TRUE"
"222","Eric Musselman","3","TRUE"
"223","Pete Myers","2","TRUE"
"224","Kenny Natt","1","TRUE"
"225","Don Nelson","31","TRUE"
"226","Tom Nissalke","9","TRUE"
"227","Nick Nurse","2","FALSE"
"228","Jim O'Brien","9","TRUE"
"229","Kevin O'Neill","1","TRUE"
"230","Harold Olsen","3","TRUE"
"231","Bob Pettit","1","TRUE"
"232","Randy Pfund","2","TRUE"
"233","Andy Phillip","1","TRUE"
"234","Lloyd Pierce","2","FALSE"
"235","Rick Pitino","6","TRUE"
"236","Jim Pollard","2","TRUE"
"237","Gregg Popovich","24","FALSE"
"238","Terry Porter","3","TRUE"
"239","Roger Potter","1","TRUE"
"240","Kevin Pritchard","1","TRUE"
"241","Joe Prunty","1","TRUE"
"242","Kurt Rambis","4","TRUE"
"243","Jack Ramsay","21","TRUE"
"244","Willis Reed","4","TRUE"
"245","Chick Reiser","2","TRUE"
"246","Jerry Reynolds","4","TRUE"
"247","Pat Riley","24","TRUE"
"248","Doc Rivers","21","FALSE"
"249","Scotty Robertson","5","TRUE"
"250","Red Rocha","3","TRUE"
"251","Jimmy Rodgers","4","TRUE"
"252","Robert Rolfe","1","TRUE"
"253","Ron Rothstein","4","TRUE"
"254","Roy Rubin","1","TRUE"
"255","Bill Russell","8","TRUE"
"256","John Russell","2","TRUE"
"257","Philip Sachs","1","TRUE"
"258","Ed Sadowski","1","TRUE"
"259","Tom Sanders","2","TRUE"
"260","Flip Saunders","17","TRUE"
"261","Ryan Saunders","2","FALSE"
"262","Herm Schaefer","2","TRUE"
"263","Fred Schaus","7","TRUE"
"264","Dolph Schayes","5","TRUE"
"265","Mike Schuler","5","TRUE"
"266","Howie Schultz","1","TRUE"
"267","Fred Scolari","1","TRUE"
"268","Byron Scott","15","TRUE"
"269","Ray Scott","4","TRUE"
"270","George Senesky","3","TRUE"
"271","Paul Seymour","8","TRUE"
"272","Bill Sharman","7","TRUE"
"273","Brian Shaw","2","TRUE"
"274","Charley Shipp","1","TRUE"
"275","Gene Shue","22","TRUE"
"276","Paul Silas","12","TRUE"
"277","Scott Skiles","14","TRUE"
"278","Jerry Sloan","26","TRUE"
"279","Keith Smart","4","TRUE"
"280","Jack Smiley","1","TRUE"
"281","Quin Snyder","6","FALSE"
"282","Albert Soar","1","TRUE"
"283","Erik Spoelstra","12","FALSE"
"284","Garry St. Jean","6","TRUE"
"285","Bob Staak","1","TRUE"
"286","Larry Staverman","1","TRUE"
"287","Brad Stevens","7","FALSE"
"288","Terry Stotts","12","FALSE"
"289","Ken Suesens","1","TRUE"
"290","Ed Tapscott","1","TRUE"
"291","Jerry Tarkanian","1","TRUE"
"292","Reggie Theus","2","TRUE"
"293","Tom Thibodeau","8","TRUE"
"294","Isiah Thomas","5","TRUE"
"295","Rod Thorn","1","TRUE"
"296","Jim Todd","1","TRUE"
"297","Rolland Todd","2","TRUE"
"298","Mike Todorovich","1","TRUE"
"299","Rudy Tomjanovich","13","TRUE"
"300","Gene Tormohlen","1","TRUE"
"301","Jay Triano","4","TRUE"
"302","Wes Unseld","7","TRUE"
"303","Dick Van Arsdale","1","TRUE"
"304","Butch van Breda Kolff","9","TRUE"
"305","Jeff Van Gundy","11","TRUE"
"306","Stan Van Gundy","12","TRUE"
"307","Kiki Vandeweghe","1","TRUE"
"308","Jacque Vaughn","3","TRUE"
"309","Dick Versace","3","TRUE"
"310","Sam Vincent","1","TRUE"
"311","Dick Vitale","2","TRUE"
"312","Frank Vogel","9","FALSE"
"313","Darrell Walker","3","TRUE"
"314","Donnie Walsh","3","TRUE"
"315","Luke Walton","4","FALSE"
"316","Bobby Wanzer","4","TRUE"
"317","Earl Watson","3","TRUE"
"318","Bob Weiss","7","TRUE"
"319","Jerry West","3","TRUE"
"320","Paul Westhead","6","TRUE"
"321","Paul Westphal","10","TRUE"
"322","John Wetzel","1","TRUE"
"323","Lenny Wilkens","32","TRUE"
"324","Herb Williams","2","TRUE"
"325","Monty Williams","6","FALSE"
"326","Tex Winter","2","TRUE"
"327","Brian Winters","3","TRUE"
"328","Randy Wittman","10","TRUE"
"329","Dave Wohl","3","TRUE"
"330","Charles Wolf","5","TRUE"
"331","Mike Woodson","9","TRUE"
"332","Draff Young","1","TRUE"
